Serial No.,Image Number,R,G,B
1,1,148,60,46
2,1,152,63,47
3,1,152,47,39
4,1,153,64,50
5,1,137,32,23
6,2,227,140,113
7,2,232,186,162
8,2,235,142,143
9,2,229,192,176
10,2,232,188,163
11,3,116,97,90
12,3,128,114,111
13,3,138,123,123
14,3,124,110,106
15,3,107,87,85
16,4,188,25,35
17,4,222,42,33
18,4,231,77,77
19,4,194,49,41
20,4,208,94,117
21,5,168,66,64
22,5,197,61,57
23,5,217,136,130
24,5,241,96,81
25,5,244,112,97
26,6,214,166,163
27,6,226,169,153
28,6,228,179,164
29,6,225,166,154
30,6,232,196,186
31,7,215,152,135
32,7,217,170,164
33,7,216,172,169
34,7,218,177,163
35,7,223,174,160
36,8,232,152,133
37,8,228,166,140
38,8,221,174,168
39,8,236,193,179
40,8,232,189,161
41,9,157,87,103
42,9,181,69,80
43,9,180,61,71
44,9,186,94,110
45,9,188,108,122
46,10,215,141,141
47,10,199,126,122
48,10,210,122,117
49,10,211,117,115
50,10,208,130,128
51,11,76,39,33
52,11,130,91,89
53,11,136,105,102
54,11,114,85,79
55,11,92,68,65
56,12,133,103,92
57,12,159,114,102
58,12,155,113,107
59,12,163,128,122
60,12,159,127,125
61,13,161,108,101
62,13,205,155,158
63,13,203,170,175
64,13,190,174,182
65,13,188,152,156
66,14,189,89,65
67,14,200,95,73
68,14,196,86,63
69,14,198,100,75
70,14,140,32,22
71,15,88,69,63
72,15,91,67,58
73,15,89,66,58
74,15,77,54,48
75,15,71,47,43
76,16,178,143,141
77,16,194,150,149
78,16,204,176,172
79,16,203,175,179
80,16,201,168,172
81,17,79,39,37
82,17,114,81,76
83,17,180,150,147
84,17,127,96,91
85,17,101,73,69
86,18,192,163,167
87,18,199,167,172
88,18,200,171,175
89,18,192,160,163
90,18,169,140,142
91,19,124,71,76
92,19,165,115,108
93,19,154,63,64
94,19,176,74,72
95,19,184,101,115
96,20,162,69,86
97,20,184,97,118
98,20,178,64,71
99,20,182,80,93
100,20,188,108,119
101,21,203,86,107
102,21,231,192,218
103,21,212,158,175
104,21,215,149,158
105,21,171,95,99
106,22,222,191,201
107,22,223,185,198
108,22,210,146,160
109,22,191,128,140
110,22,156,87,80
111,23,201,149,142
112,23,203,157,150
113,23,220,137,119
114,23,224,163,151
115,23,219,162,148
116,24,119,59,54
117,24,161,111,100
118,24,152,76,76
119,24,153,93,93
120,24,147,100,98
121,25,219,143,149
122,25,232,116,142
123,25,219,104,128
124,25,221,139,152
125,25,203,102,192
126,26,150,120,121
127,26,209,169,172
128,26,224,180,184
129,26,232,186,189
130,26,183,97,96
131,27,251,140,130
132,27,255,144,144
133,27,236,129,126
134,27,248,145,133
135,27,252,188,184
136,28,186,95,82
137,28,199,122,117
138,28,196,81,66
139,28,204,85,61
140,28,188,112,102
141,29,228,157,155
142,29,227,152,160
143,29,208,109,130
144,29,235,117,140
145,29,199,80,101
146,30,154,28,39
147,30,178,67,67
148,30,178,42,37
149,30,186,62,50
150,30,194,67,60
151,31,247,188,136
152,31,249,169,137
153,31,248,181,146
154,31,248,213,187
155,31,232,192,160
156,32,106,51,54
157,32,128,99,96
158,32,146,128,124
159,32,157,130,123
160,32,119,95,85
161,33,220,185,193
162,33,226,180,198
163,33,237,190,202
164,33,226,148,152
165,33,191,133,140
166,34,148,108,105
167,34,204,167,161
168,34,220,181,174
169,34,206,155,145
170,34,157,85,75
171,35,211,166,160
172,35,218,178,178
173,35,199,164,158
174,35,193,150,142
175,35,203,157,152
176,36,92,47,50
177,36,108,47,55
178,36,92,35,42
179,36,81,23,32
180,36,83,23,35
181,37,104,33,36
182,37,122,50,54
183,37,100,23,29
184,37,113,38,44
185,37,107,43,44
186,38,204,172,177
187,38,209,160,166
188,38,209,167,169
189,38,199,147,144
190,38,196,137,139
191,39,144,85,89
192,39,149,68,67
193,39,126,51,55
194,39,119,43,53
195,39,118,40,47
196,40,233,140,144
197,40,226,115,113
198,40,237,124,118
199,40,226,83,78
200,40,224,100,103
201,41,239,180,161
202,41,244,196,183
203,41,245,192,171
204,41,240,203,185
205,41,243,210,201
206,42,197,130,127
207,42,203,117,116
208,42,196,132,131
209,42,224,114,116
210,42,187,81,87
211,43,242,142,155
212,43,236,95,130
213,43,235,106,128
214,43,226,90,120
215,43,220,117,143
216,44,149,92,85
217,44,157,80,68
218,44,175,105,91
219,44,183,123,112
220,44,172,109,98
221,45,253,224,197
222,45,255,249,232
223,45,255,252,241
224,45,255,247,245
225,45,255,250,239
226,46,113,53,53
227,46,101,35,37
228,46,98,33,35
229,46,97,37,37
230,46,80,29,25
231,47,90,66,68
232,47,95,62,87
233,47,92,58,83
234,47,84,56,78
235,47,75,52,72
236,48,232,144,155
237,48,249,168,171
238,48,250,174,181
239,48,235,162,171
240,48,239,159,165
241,49,137,89,80
242,49,163,99,102
243,49,158,86,85
244,49,148,74,67
245,49,121,68,64
246,50,86,32,42
247,50,114,52,54
248,50,118,57,57
249,50,115,60,63
250,50,120,61,66
